1072181938,浅樱雪,樱雪
278078873,color(颜色),color
648972895,七忆,七忆
3280275504,文侯（奥尔加）,文侯
1113765886,菲特（hrt-752）,菲特
419869789,江青月近人,江青
1260067694,mana(玛那),mana
513340952,bnr,bnr
1532027474,白井咲久,咲久
1170720029,大王,大王
840755161,丹参川芎嗪,丹参
834838619,毒瘤骑,毒瘤
1737186195,非洲酋长,非酋
1036518289,k_lee9575(狐狸),狐狸
920724802,空白,空白
2513196127,黎明,黎明
2374397808,梦珂,梦珂
1747824503,米花mh,米花
1124501972,云雀(NeloAngleo),云雀
1418844050,晓璋(Reaktion),晓璋
2405681396,漠漠哒,漠漠
1500089348,星之彩,星彩
1499174101,咸鱼,咸鱼
3505724565,想肝无时间(晨),想肝
2995036440,只会摸鱼,摸鱼
1751048330,阿比,阿比
980204878,方策,方策
2503865580,老公,老公
1504384143,佩佩罗,佩佩
102681074,空门折己,折己